ExtremeAbsMode1-Value,ExtremeAbsMode1-freq,ExtremeAbsMode2-Value,ExtremeAbsMode2-freq,ExtremeAbsMode3-Value,ExtremeAbsMode3-freq,ExtremeAbsMode4-Value,ExtremeAbsMode4-freq,ExtremeAbsMode5-Value,ExtremeAbsMode5-freq,ExtremeDiffMode1-Value,ExtremeDiffMode1-freq,ExtremeDiffMode2-Value,ExtremeDiffMode2-freq,ExtremeDiffMode3-Value,ExtremeDiffMode3-freq,ExtremeDiffMode4-Value,ExtremeDiffMode4-freq,ExtremeDiffMode5-Value,ExtremeDiffMode5-freq,ExtremeTrendMode1-Value,ExtremeTrendMode1-freq,ExtremeTrendMode2-Value,ExtremeTrendMode2-freq,ExtremeTrendMode3-Value,ExtremeTrendMode3-freq,ExtremeTrendMode4-Value,ExtremeTrendMode4-freq,ExtremeTrendMode5-Value,ExtremeTrendMode5-freq,ExtremePowerMode1-Value,ExtremePowerMode1-freq,ExtremePowerMode2-Value,ExtremePowerMode2-freq,ExtremePowerMode3-Value,ExtremePowerMode3-freq,ExtremePowerMode4-Value,ExtremePowerMode4-freq,ExtremePowerMode5-Value,ExtremePowerMode5-freq,ExtremePower2Mode1-Value,ExtremePower2Mode1-freq,ExtremePower2Mode2-Value,ExtremePower2Mode2-freq,ExtremePower2Mode3-Value,ExtremePower2Mode3-freq,ExtremePower2Mode4-Value,ExtremePower2Mode4-freq,ExtremePower2Mode5-Value,ExtremePower2Mode5-freq,ExpertResult
 0.039, 0.684, 0.038, 0.610,0,0,0,0,0,0, 0.024, 0.684, 0.014, 0.610,0,0,0,0,0,0, 0.039, 0.684, 0.038, 0.610,0,0,0,0,0,0, 0.059, 0.684, 0.020, 0.610,0,0,0,0,0,0, 0.131, 0.684, 0.056, 0.610,0,0,0,0,0,0,9
 0.300, 0.879, 0.283, 0.610, 0.252, 0.757, 0.231, 1.001, 0.224, 0.659, 0.128, 0.879, 0.075, 1.538, 0.070, 0.757, 0.065, 1.147, 0.063, 1.001, 0.300, 0.879, 0.283, 0.610, 0.252, 0.757, 0.231, 1.001, 0.224, 0.659, 0.290, 0.879, 0.219, 1.782, 0.198, 1.147, 0.178, 1.538, 0.165, 1.318, 1.279, 0.879, 1.067, 0.659, 0.943, 1.001, 0.841, 1.782, 0.826, 0.757,9
 0.220, 0.610, 0.205, 0.708, 0.177, 0.781, 0.166, 0.928, 0.135, 1.001, 0.073, 1.880, 0.062, 1.685, 0.056, 0.781, 0.054, 2.271, 0.053, 1.294, 0.220, 0.610, 0.205, 0.708, 0.177, 0.781, 0.166, 0.928, 0.135, 1.001, 0.308, 0.781, 0.226, 2.173, 0.206, 1.880, 0.171, 1.685, 0.110, 1.294, 0.910, 0.781, 0.711, 0.708, 0.623, 1.880, 0.615, 2.173, 0.571, 0.610,9
 1.000, 0.610, 0.781, 0.830, 0.710, 0.659, 0.696, 0.708, 0.618, 1.636, 0.391, 0.830, 0.339, 1.807, 0.247, 4.614, 0.233, 0.610, 0.228, 1.270, 1.000, 0.610, 0.781, 0.830, 0.710, 0.659, 0.696, 0.708, 0.618, 1.636, 2.779, 0.830, 0.849, 1.270, 0.670, 1.807, 0.579, 2.026,0,0, 5.679, 0.830, 2.446, 1.270, 1.974, 0.977, 1.966, 0.659, 1.850, 1.074,9
 0.145, 0.610, 0.114, 0.659, 0.093, 0.708, 0.087, 0.854, 0.079, 0.928, 0.052, 0.854, 0.044, 0.928, 0.038, 2.466, 0.037, 0.610, 0.037, 1.807, 0.145, 0.610, 0.114, 0.659, 0.093, 0.708, 0.087, 0.854, 0.079, 0.928, 0.168, 0.854, 0.119, 0.928, 0.117, 1.147, 0.094, 1.807, 0.085, 0.708, 0.330, 0.854, 0.298, 0.659, 0.279, 0.928, 0.260, 1.147, 0.238, 0.610,9
 0.480, 0.781, 0.458, 2.075, 0.450, 1.978, 0.448, 0.635, 0.420, 0.708, 0.235, 1.978, 0.214, 2.075, 0.213, 0.903, 0.211, 1.099, 0.190, 0.781, 0.480, 0.781, 0.458, 2.075, 0.450, 1.978, 0.448, 0.635, 0.420, 0.708, 0.869, 0.903, 0.641, 1.978, 0.627, 1.099, 0.523, 2.075, 0.511, 0.781, 2.025, 1.978, 1.925, 2.075, 1.723, 1.099, 1.515, 0.903, 1.482, 0.708,9
 0.064, 1.782, 0.059, 0.635, 0.051, 0.806, 0.041, 1.855, 0.040, 0.879, 0.039, 1.782, 0.036, 0.635, 0.029, 0.806, 0.025, 1.855, 0.018, 1.611, 0.064, 1.782, 0.059, 0.635, 0.051, 0.806, 0.041, 1.855, 0.040, 0.879, 0.116, 0.635, 0.096, 1.782, 0.084, 1.855, 0.060, 0.806, 0.059, 0.952, 0.171, 1.782, 0.165, 0.635, 0.145, 0.952, 0.145, 0.806, 0.117, 0.879,9
 0.292, 0.610, 0.147, 0.684,0,0,0,0,0,0, 0.173, 0.610, 0.090, 0.684,0,0,0,0,0,0, 0.292, 0.610, 0.147, 0.684,0,0,0,0,0,0, 0.364, 0.610, 0.197, 0.684,0,0,0,0,0,0, 0.506, 0.610, 0.386, 0.684,0,0,0,0,0,0,9
 0.068, 2.295, 0.046, 0.684, 0.044, 0.732, 0.039, 0.830, 0.038, 3.271, 0.060, 2.295, 0.031, 3.271, 0.024, 0.732, 0.023, 0.684, 0.018, 0.830, 0.068, 2.295, 0.046, 0.684, 0.044, 0.732, 0.039, 0.830, 0.038, 3.271, 0.178, 2.295, 0.057, 0.732, 0.041, 3.271, 0.040, 0.830,0,0, 0.195, 2.295, 0.127, 0.732, 0.110, 0.830, 0.091, 0.684, 0.066, 3.271,8
 0.105, 2.295, 0.098, 2.368, 0.092, 0.659, 0.091, 0.610, 0.067, 0.708, 0.069, 2.368, 0.049, 2.295, 0.033, 0.659, 0.025, 2.197, 0.024, 3.174, 0.105, 2.295, 0.098, 2.368, 0.092, 0.659, 0.091, 0.610, 0.067, 0.708, 0.343, 2.368, 0.135, 2.295, 0.131, 2.197,0,0,0,0, 0.393, 2.295, 0.372, 2.368, 0.216, 0.977, 0.216, 0.708, 0.212, 0.659,8
 0.099, 1.465, 0.064, 0.610, 0.056, 0.879, 0.050, 1.099,0,0, 0.085, 1.465, 0.035, 1.099, 0.033, 0.879, 0.027, 0.610,0,0, 0.099, 1.465, 0.064, 0.610, 0.056, 0.879, 0.050, 1.099,0,0, 0.219, 1.099, 0.188, 1.465, 0.095, 0.952, 0.089, 0.732, 0.088, 0.610, 0.268, 1.465, 0.250, 1.099, 0.220, 0.610, 0.102, 0.879,0,0,8
 0.093, 2.588, 0.082, 0.684, 0.059, 2.686, 0.051, 4.004, 0.047, 4.346, 0.069, 0.684, 0.062, 2.588, 0.038, 2.686, 0.035, 4.004, 0.024, 4.346, 0.093, 2.588, 0.082, 0.684, 0.059, 2.686, 0.051, 4.004, 0.047, 4.346, 0.199, 2.588, 0.147, 0.684, 0.097, 2.686, 0.079, 4.004, 0.071, 4.346, 0.441, 2.588, 0.229, 0.684, 0.166, 4.346, 0.153, 4.004, 0.150, 2.686,8
 0.198, 1.978, 0.166, 2.783,0,0,0,0,0,0, 0.179, 1.978, 0.143, 2.783,0,0,0,0,0,0, 0.198, 1.978, 0.166, 2.783,0,0,0,0,0,0, 0.320, 1.978, 0.317, 2.783,0,0,0,0,0,0, 0.423, 2.783, 0.403, 1.978, 0.203, 0.708,0,0,0,0,8
 0.645, 0.684, 0.494, 0.610,0,0,0,0,0,0, 0.543, 0.684, 0.217, 0.610,0,0,0,0,0,0, 0.645, 0.684, 0.494, 0.610,0,0,0,0,0,0, 1.875, 0.684,0,0,0,0,0,0,0,0, 2.073, 0.684, 0.680, 0.610,0,0,0,0,0,0,8
 0.999, 0.610, 0.772, 2.222, 0.656, 0.708, 0.586, 0.830, 0.574, 0.928, 0.504, 2.222, 0.380, 0.610, 0.322, 1.318, 0.299, 2.124, 0.291, 2.393, 0.999, 0.610, 0.772, 2.222, 0.656, 0.708, 0.586, 0.830, 0.574, 0.928, 1.690, 2.222, 1.144, 1.318, 0.984, 2.393, 0.858, 0.610, 0.743, 2.124, 3.728, 2.222, 2.702, 0.610, 2.282, 2.124, 2.034, 1.318, 1.767, 0.757,8
 0.204, 2.197, 0.189, 2.148, 0.167, 2.100, 0.160, 1.782, 0.152, 0.854, 0.108, 1.782, 0.088, 2.100, 0.083, 2.197, 0.068, 2.271, 0.064, 2.148, 0.204, 2.197, 0.189, 2.148, 0.167, 2.100, 0.160, 1.782, 0.152, 0.854, 0.453, 2.271, 0.391, 1.782, 0.266, 0.928, 0.239, 2.100, 0.174, 2.197, 0.927, 2.271, 0.813, 1.782, 0.612, 2.197, 0.561, 0.928, 0.457, 2.100,8
 0.052, 1.807, 0.050, 0.806, 0.047, 0.708, 0.043, 0.952, 0.041, 0.903, 0.029, 1.807, 0.028, 0.806, 0.021, 1.929, 0.021, 0.952, 0.019, 1.294, 0.052, 1.807, 0.050, 0.806, 0.047, 0.708, 0.043, 0.952, 0.041, 0.903, 0.121, 1.807, 0.094, 0.806, 0.076, 0.952, 0.075, 0.659, 0.066, 1.196, 0.328, 1.807, 0.183, 0.806, 0.155, 0.708, 0.148, 1.196, 0.147, 0.952,8
 0.154, 1.978, 0.150, 0.732, 0.136, 0.635, 0.124, 0.684, 0.117, 0.952, 0.095, 1.978, 0.057, 0.732, 0.056, 0.952, 0.053, 1.147, 0.046, 1.733, 0.154, 1.978, 0.150, 0.732, 0.136, 0.635, 0.124, 0.684, 0.117, 0.952, 0.474, 1.978, 0.189, 0.732, 0.181, 1.440, 0.170, 0.952, 0.153, 1.733, 0.978, 1.978, 0.602, 0.732, 0.548, 1.440, 0.445, 0.952, 0.407, 2.124,8
 0.384, 1.221, 0.366, 1.147, 0.354, 1.099, 0.346, 1.001, 0.345, 1.050, 0.162, 1.221, 0.151, 0.732, 0.142, 1.489, 0.138, 1.929, 0.136, 1.001, 0.384, 1.221, 0.366, 1.147, 0.354, 1.099, 0.346, 1.001, 0.345, 1.050, 0.810, 1.001, 0.556, 0.732, 0.345, 2.075, 0.303, 1.929, 0.292, 1.489, 1.733, 1.001, 1.317, 1.221, 1.128, 0.732, 0.994, 1.050, 0.948, 1.099,8
 1.000, 1.538, 0.807, 1.709, 0.713, 1.318, 0.708, 1.465, 0.676, 1.807, 0.625, 1.538, 0.420, 1.025, 0.402, 1.709, 0.349, 1.318, 0.266, 1.807, 1.000, 1.538, 0.807, 1.709, 0.713, 1.318, 0.708, 1.465, 0.676, 1.807, 2.521, 1.025, 1.178, 1.318, 0.949, 1.978, 0.901, 1.538, 0.667, 0.977, 4.275, 1.025, 2.571, 1.978, 2.526, 1.807, 2.472, 1.318, 2.391, 1.636,8
 0.895, 0.708, 0.868, 0.610, 0.625, 0.854, 0.605, 0.977, 0.584, 0.781, 0.286, 0.708, 0.211, 0.977, 0.195, 1.050, 0.166, 1.440, 0.162, 1.172, 0.895, 0.708, 0.868, 0.610, 0.625, 0.854, 0.605, 0.977, 0.584, 0.781, 0.847, 0.708, 0.586, 1.050, 0.530, 0.977, 0.495, 1.294, 0.481, 0.854, 3.640, 0.708, 2.725, 0.854, 2.294, 0.610, 2.237, 1.050, 1.887, 0.977,8
 0.061, 2.108, 0.060, 2.610, 0.056, 2.485, 0.053, 0.778, 0.051, 0.678, 0.049, 2.108, 0.045, 2.610, 0.035, 2.485, 0.033, 0.778, 0.031, 1.983, 0.061, 2.108, 0.060, 2.610, 0.056, 2.485, 0.053, 0.778, 0.051, 0.678, 0.167, 2.108, 0.137, 2.610, 0.101, 0.778, 0.084, 2.309, 0.081, 1.983, 0.233, 2.610, 0.219, 2.108, 0.162, 0.778, 0.160, 1.983, 0.151, 2.485,8
 0.086, 1.380, 0.083, 1.431, 0.050, 0.602, 0.045, 0.678,0,0, 0.056, 1.380, 0.054, 1.431, 0.026, 0.678, 0.020, 0.602,0,0, 0.086, 1.380, 0.083, 1.431, 0.050, 0.602, 0.045, 0.678,0,0, 0.152, 1.431, 0.137, 1.380, 0.059, 0.678, 0.055, 0.602,0,0, 0.190, 2.384, 0.190, 1.431, 0.180, 1.380, 0.178, 2.058, 0.141, 0.678,8
 0.100, 0.678, 0.096, 0.627, 0.096, 0.728, 0.092, 1.004, 0.091, 0.803, 0.039, 1.004, 0.036, 1.531, 0.034, 0.853, 0.032, 0.678, 0.032, 1.656, 0.100, 0.678, 0.096, 0.627, 0.096, 0.728, 0.092, 1.004, 0.091, 0.803, 0.158, 0.853, 0.115, 0.728, 0.105, 1.983, 0.097, 1.004, 0.080, 0.678, 0.416, 0.853, 0.370, 3.012, 0.361, 4.894, 0.347, 5.722, 0.338, 2.635,8
 0.447, 2.222, 0.384, 1.831, 0.369, 2.124, 0.310, 2.075, 0.267, 1.514, 0.337, 2.222, 0.327, 1.831, 0.241, 2.075, 0.223, 1.514, 0.215, 2.124, 0.447, 2.222, 0.384, 1.831, 0.369, 2.124, 0.310, 2.075, 0.267, 1.514, 1.123, 1.831, 0.772, 2.075, 0.446, 1.514, 0.375, 2.222, 0.328, 2.124, 1.296, 1.831, 0.940, 2.075, 0.685, 2.124, 0.668, 2.222, 0.613, 1.514,5
 0.979, 2.783, 0.830, 2.734, 0.561, 2.832,0,0,0,0, 0.484, 2.783, 0.459, 2.734, 0.243, 2.832,0,0,0,0, 0.979, 2.783, 0.830, 2.734, 0.561, 2.832,0,0,0,0, 1.284, 2.734, 0.624, 2.783, 0.602, 2.832,0,0,0,0, 2.771, 2.734, 1.973, 2.783, 1.547, 2.832,0,0,0,0,5
 0.500, 2.783, 0.439, 2.734, 0.274, 2.832,0,0,0,0, 0.249, 2.783, 0.236, 2.734, 0.122, 2.832,0,0,0,0, 0.500, 2.783, 0.439, 2.734, 0.274, 2.832,0,0,0,0, 0.663, 2.734, 0.366, 2.783, 0.290, 2.832,0,0,0,0, 1.356, 2.734, 1.006, 2.783, 0.739, 2.832,0,0,0,0,5
 1.000, 2.783, 0.890, 2.734, 0.867, 2.832,0,0,0,0, 0.548, 2.832, 0.527, 2.783, 0.495, 2.734, 0.367, 2.905, 0.229, 3.271, 1.000, 2.783, 0.890, 2.734, 0.867, 2.832,0,0,0,0, 1.052, 2.832, 0.916, 2.734, 0.838, 2.905, 0.603, 2.783, 0.458, 3.271, 2.149, 2.734, 1.948, 2.783, 1.910, 2.832, 1.421, 2.661, 1.033, 2.905,5
 0.218, 2.861, 0.175, 2.811,0,0,0,0,0,0, 0.151, 2.861, 0.064, 2.811,0,0,0,0,0,0, 0.218, 2.861, 0.175, 2.811,0,0,0,0,0,0, 0.736, 2.861, 0.176, 2.811,0,0,0,0,0,0, 0.866, 2.861, 0.523, 2.811,0,0,0,0,0,0,5
 0.223, 2.246,0,0,0,0,0,0,0,0, 0.191, 2.246,0,0,0,0,0,0,0,0, 0.223, 2.246,0,0,0,0,0,0,0,0, 0.636, 2.246,0,0,0,0,0,0,0,0, 0.735, 2.246,0,0,0,0,0,0,0,0,6
 0.716, 2.295,0,0,0,0,0,0,0,0, 0.579, 2.295,0,0,0,0,0,0,0,0, 0.716, 2.295,0,0,0,0,0,0,0,0, 2.449, 2.295,0,0,0,0,0,0,0,0, 3.265, 2.295,0,0,0,0,0,0,0,0,6
 1.000, 2.222, 0.820, 2.515, 0.792, 2.271, 0.737, 2.417, 0.633, 1.880, 0.856, 2.222, 0.610, 2.515, 0.579, 2.271, 0.460, 2.417, 0.459, 2.124, 1.000, 2.222, 0.820, 2.515, 0.792, 2.271, 0.737, 2.417, 0.633, 1.880, 2.900, 2.515, 2.022, 2.271, 1.655, 2.124, 0.925, 2.417, 0.871, 2.222, 4.385, 2.515, 2.857, 2.271, 2.078, 2.124, 1.956, 2.417, 1.410, 2.783,6
 0.798, 2.295, 0.511, 2.222, 0.456, 2.368,0,0,0,0, 0.516, 2.295, 0.237, 2.222, 0.179, 2.368,0,0,0,0, 0.798, 2.295, 0.511, 2.222, 0.456, 2.368,0,0,0,0, 1.071, 2.295, 0.449, 2.222, 0.224, 2.368,0,0,0,0, 2.425, 2.295, 1.532, 2.222, 1.010, 2.368,0,0,0,0,6
 0.812, 2.295, 0.527, 2.222, 0.513, 2.417, 0.481, 2.148,0,0, 0.640, 2.295, 0.356, 2.417, 0.297, 2.222, 0.274, 2.148,0,0, 0.812, 2.295, 0.527, 2.222, 0.513, 2.417, 0.481, 2.148,0,0, 1.044, 2.295, 0.710, 2.148, 0.442, 2.417, 0.396, 2.222,0,0, 1.772, 2.295, 1.347, 2.148, 0.991, 2.222, 0.828, 2.417,0,0,6
 0.956, 2.295,0,0,0,0,0,0,0,0, 0.776, 2.295,0,0,0,0,0,0,0,0, 0.956, 2.295,0,0,0,0,0,0,0,0, 3.547, 2.295,0,0,0,0,0,0,0,0, 4.654, 2.295,0,0,0,0,0,0,0,0,6
 0.403, 2.295, 0.290, 2.222, 0.249, 2.148, 0.233, 2.417,0,0, 0.305, 2.295, 0.168, 2.417, 0.142, 2.222, 0.116, 2.148,0,0, 0.403, 2.295, 0.290, 2.222, 0.249, 2.148, 0.233, 2.417,0,0, 0.561, 2.295, 0.317, 2.148, 0.215, 2.417, 0.191, 2.222,0,0, 0.897, 2.295, 0.745, 2.148, 0.590, 2.222, 0.366, 2.417,0,0,6
 0.843, 2.417, 0.533, 2.368,0,0,0,0,0,0, 0.562, 2.417, 0.292, 2.368,0,0,0,0,0,0, 0.843, 2.417, 0.533, 2.368,0,0,0,0,0,0, 1.536, 2.417, 1.353, 2.368,0,0,0,0,0,0, 2.261, 2.417, 1.985, 2.368,0,0,0,0,0,0,6
 0.097, 2.786, 0.087, 2.585, 0.079, 2.685, 0.063, 2.460, 0.055, 0.678, 0.065, 2.786, 0.054, 2.585, 0.041, 2.460, 0.029, 2.685, 0.028, 0.678, 0.097, 2.786, 0.087, 2.585, 0.079, 2.685, 0.063, 2.460, 0.055, 0.678, 0.247, 2.585, 0.207, 2.786, 0.115, 0.678, 0.068, 2.685, 0.057, 1.230, 0.379, 2.585, 0.306, 2.786, 0.301, 2.685, 0.225, 0.678, 0.116, 0.828,6
 0.275, 2.197,0,0,0,0,0,0,0,0, 0.258, 2.197,0,0,0,0,0,0,0,0, 0.275, 2.197,0,0,0,0,0,0,0,0, 0.483, 2.197,0,0,0,0,0,0,0,0, 0.583, 2.197,0,0,0,0,0,0,0,0,7
 0.127, 0.781, 0.081, 0.659,0,0,0,0,0,0, 0.117, 0.781, 0.061, 0.659,0,0,0,0,0,0, 0.127, 0.781, 0.081, 0.659,0,0,0,0,0,0, 0.212, 0.781, 0.096, 0.659,0,0,0,0,0,0, 0.239, 0.781, 0.182, 0.659,0,0,0,0,0,0,7
 0.400, 2.539, 0.293, 2.490, 0.238, 2.588, 0.225, 2.930, 0.225, 2.710, 0.239, 2.539, 0.200, 2.490, 0.128, 2.930, 0.123, 2.588, 0.112, 2.710, 0.400, 2.539, 0.293, 2.490, 0.238, 2.588, 0.225, 2.930, 0.225, 2.710, 0.431, 2.490, 0.427, 2.588, 0.315, 2.710, 0.296, 2.930, 0.293, 2.759, 0.853, 2.930, 0.800, 2.759, 0.726, 2.588, 0.722, 2.539, 0.696, 2.490,7
 0.625, 2.100, 0.380, 2.759,0,0,0,0,0,0, 0.510, 2.100, 0.256, 2.759,0,0,0,0,0,0, 0.625, 2.100, 0.380, 2.759,0,0,0,0,0,0, 2.198, 2.100, 1.053, 2.759,0,0,0,0,0,0, 3.336, 2.100, 2.212, 2.759,0,0,0,0,0,0,7
 0.090, 0.635, 0.082, 4.102, 0.058, 0.830, 0.049, 4.028, 0.049, 0.732, 0.063, 4.102, 0.060, 0.635, 0.035, 0.830, 0.026, 4.468, 0.024, 0.732, 0.090, 0.635, 0.082, 4.102, 0.058, 0.830, 0.049, 4.028, 0.049, 0.732, 0.248, 4.102, 0.095, 3.540, 0.086, 4.028, 0.083, 0.635, 0.075, 0.830, 0.271, 4.102, 0.229, 0.635, 0.212, 4.028, 0.186, 3.540, 0.162, 0.830,7
 1.000, 2.246, 0.927, 2.124, 0.749, 2.393,0,0,0,0, 0.661, 2.246, 0.532, 2.124, 0.474, 2.393,0,0,0,0, 1.000, 2.246, 0.927, 2.124, 0.749, 2.393,0,0,0,0, 3.515, 2.246, 1.682, 2.124, 1.297, 2.393,0,0,0,0, 5.349, 2.246, 3.643, 2.124, 2.443, 2.393,0,0,0,0,7
 0.650, 0.757, 0.573, 2.295, 0.563, 0.635, 0.440, 1.099, 0.427, 0.928, 0.344, 0.757, 0.298, 2.295, 0.209, 1.563, 0.205, 2.417, 0.188, 0.928, 0.650, 0.757, 0.573, 2.295, 0.563, 0.635, 0.440, 1.099, 0.427, 0.928, 1.678, 0.757, 0.981, 2.295, 0.797, 0.928, 0.636, 1.563, 0.515, 2.417, 3.174, 0.757, 2.293, 0.928, 2.053, 2.295, 1.923, 0.635, 1.734, 1.514,7
 0.335, 2.466, 0.282, 2.417, 0.280, 2.295, 0.252, 2.246, 0.227, 2.661, 0.197, 2.466, 0.150, 2.295, 0.131, 2.417, 0.120, 2.246, 0.083, 2.661, 0.335, 2.466, 0.282, 2.417, 0.280, 2.295, 0.252, 2.246, 0.227, 2.661, 0.641, 2.466, 0.438, 2.246, 0.349, 2.661, 0.309, 2.295, 0.285, 2.417, 1.319, 2.466, 1.297, 2.246, 1.028, 2.661, 0.973, 2.417, 0.800, 2.295,7
 0.382, 2.197, 0.262, 2.124, 0.245, 2.295, 0.214, 1.953, 0.196, 0.757, 0.217, 2.197, 0.145, 2.295, 0.112, 2.124, 0.101, 1.953, 0.090, 0.757, 0.382, 2.197, 0.262, 2.124, 0.245, 2.295, 0.214, 1.953, 0.196, 0.757, 0.723, 2.197, 0.449, 2.295, 0.434, 1.953, 0.392, 2.124,0,0, 1.271, 2.197, 0.996, 2.295, 0.966, 1.953, 0.916, 2.124, 0.542, 0.757,7
 0.366, 2.197, 0.233, 2.319,0,0,0,0,0,0, 0.262, 2.197, 0.142, 2.319,0,0,0,0,0,0, 0.366, 2.197, 0.233, 2.319,0,0,0,0,0,0, 1.198, 2.197, 0.596, 2.319,0,0,0,0,0,0, 1.978, 2.197, 0.980, 2.319,0,0,0,0,0,0,7
 0.778, 2.271, 0.514, 2.393, 0.488, 2.197, 0.426, 2.124,0,0, 0.457, 2.271, 0.350, 2.393, 0.242, 2.124, 0.215, 2.197,0,0, 0.778, 2.271, 0.514, 2.393, 0.488, 2.197, 0.426, 2.124,0,0, 1.276, 2.271, 1.172, 2.393, 0.877, 2.197, 0.434, 2.124,0,0, 2.326, 2.271, 2.038, 2.393, 1.615, 2.197, 1.354, 2.124,0,0,7
 0.427, 2.466, 0.337, 2.417, 0.337, 2.295, 0.332, 2.246, 0.255, 2.710, 0.265, 2.466, 0.181, 2.246, 0.164, 2.295, 0.160, 2.417, 0.082, 2.661, 0.427, 2.466, 0.337, 2.417, 0.337, 2.295, 0.332, 2.246, 0.255, 2.710, 0.778, 2.246, 0.762, 2.466, 0.412, 2.661, 0.331, 2.783, 0.326, 2.417, 1.915, 2.246, 1.595, 2.466, 1.245, 2.661, 1.160, 2.417, 0.987, 2.295,7
 0.297, 2.197, 0.282, 2.148, 0.277, 1.782, 0.233, 2.100, 0.219, 2.271, 0.176, 1.782, 0.125, 2.271, 0.121, 2.197, 0.117, 2.100, 0.093, 2.148, 0.297, 2.197, 0.282, 2.148, 0.277, 1.782, 0.233, 2.100, 0.219, 2.271, 0.777, 2.271, 0.483, 2.100, 0.424, 1.782, 0.300, 2.197, 0.284, 0.854, 1.364, 2.271, 1.011, 2.100, 0.930, 2.197, 0.839, 1.782, 0.676, 0.854,7
 0.210, 2.222, 0.201, 1.807, 0.168, 2.124, 0.168, 2.075, 0.161, 1.489, 0.162, 2.222, 0.142, 1.807, 0.110, 1.489, 0.101, 2.075, 0.090, 1.733, 0.210, 2.222, 0.201, 1.807, 0.168, 2.124, 0.168, 2.075, 0.161, 1.489, 0.378, 1.807, 0.316, 2.075, 0.307, 1.489, 0.256, 2.222, 0.170, 1.318, 0.636, 2.075, 0.622, 1.807, 0.559, 1.489, 0.526, 2.124, 0.314, 2.222,7
 0.418, 2.124, 0.415, 2.222, 0.413, 1.831, 0.310, 2.075, 0.259, 0.757, 0.383, 1.831, 0.308, 2.222, 0.259, 2.124, 0.227, 2.075, 0.183, 0.757, 0.418, 2.124, 0.415, 2.222, 0.413, 1.831, 0.310, 2.075, 0.259, 0.757, 1.286, 1.831, 0.925, 2.075, 0.822, 0.757, 0.509, 0.879, 0.481, 2.124, 1.379, 1.831, 1.154, 2.124, 1.045, 0.757, 0.993, 2.075, 0.773, 1.514,7
 0.167, 2.344, 0.151, 2.271, 0.129, 2.417, 0.116, 2.490, 0.105, 2.197, 0.087, 3.027, 0.086, 2.344, 0.072, 5.859, 0.062, 2.417, 0.061, 2.930, 0.167, 2.344, 0.151, 2.271, 0.129, 2.417, 0.116, 2.490, 0.105, 2.197, 0.223, 3.027, 0.214, 2.197, 0.205, 2.930, 0.171, 2.490, 0.169, 2.344, 0.497, 2.271, 0.452, 2.417, 0.417, 2.197, 0.389, 2.490, 0.340, 2.344,7
 0.688, 2.417, 0.419, 2.368,0,0,0,0,0,0, 0.466, 2.417, 0.184, 2.368,0,0,0,0,0,0, 0.688, 2.417, 0.419, 2.368,0,0,0,0,0,0, 1.315, 2.417, 0.878, 2.368,0,0,0,0,0,0, 1.836, 2.368, 1.814, 2.417, 0.862, 2.637, 0.744, 2.075, 0.664, 1.978,7
 0.379, 2.417, 0.229, 2.319,0,0,0,0,0,0, 0.261, 2.417, 0.103, 2.319,0,0,0,0,0,0, 0.379, 2.417, 0.229, 2.319,0,0,0,0,0,0, 0.977, 2.417, 0.260, 2.319,0,0,0,0,0,0, 1.361, 2.417, 0.518, 2.319,0,0,0,0,0,0,7
 0.331, 2.344, 0.279, 2.271, 0.276, 2.441, 0.249, 2.490, 0.235, 2.588, 0.165, 2.344, 0.128, 2.808, 0.127, 2.441, 0.125, 3.027, 0.123, 2.588, 0.331, 2.344, 0.279, 2.271, 0.276, 2.441, 0.249, 2.490, 0.235, 2.588, 0.417, 2.441, 0.402, 2.808, 0.365, 2.930, 0.343, 3.027, 0.335, 2.344, 1.061, 2.271, 1.023, 2.661, 1.004, 2.441, 0.902, 2.490, 0.706, 3.027,7
 0.437, 2.344, 0.427, 2.441, 0.388, 2.271, 0.381, 2.490, 0.343, 2.588, 0.234, 2.930, 0.222, 2.588, 0.216, 2.441, 0.204, 2.490, 0.177, 2.344, 0.437, 2.344, 0.427, 2.441, 0.388, 2.271, 0.381, 2.490, 0.343, 2.588, 0.691, 2.808, 0.684, 2.930, 0.560, 3.027, 0.482, 2.490, 0.435, 2.271, 1.596, 2.271, 1.214, 2.441, 1.206, 2.344, 1.048, 2.490, 1.006, 3.027,7
 0.288, 2.811, 0.207, 0.753, 0.198, 0.904, 0.191, 2.761, 0.182, 0.803, 0.196, 2.811, 0.132, 0.904, 0.102, 1.757, 0.099, 2.711, 0.097, 2.761, 0.288, 2.811, 0.207, 0.753, 0.198, 0.904, 0.191, 2.761, 0.182, 0.803, 0.376, 1.481, 0.370, 2.811, 0.238, 0.904, 0.235, 1.757, 0.219, 2.635, 0.716, 2.811, 0.670, 0.753, 0.521, 0.904, 0.472, 2.585, 0.437, 0.627,7
 0.232, 2.234, 0.222, 2.510, 0.216, 1.431, 0.187, 2.033, 0.169, 2.610, 0.174, 2.234, 0.149, 1.431, 0.128, 2.033, 0.112, 2.510, 0.098, 0.653, 0.232, 2.234, 0.222, 2.510, 0.216, 1.431, 0.187, 2.033, 0.169, 2.610, 0.436, 2.510, 0.407, 2.711, 0.324, 2.234, 0.300, 2.033, 0.300, 0.778, 0.817, 2.510, 0.664, 2.711, 0.653, 1.431, 0.539, 2.234, 0.521, 2.033,7
 0.068, 0.653, 0.064, 2.811, 0.054, 0.803, 0.046, 0.853, 0.038, 0.753, 0.044, 2.811, 0.028, 0.653, 0.024, 3.162, 0.022, 1.079, 0.017, 0.803, 0.068, 0.653, 0.064, 2.811, 0.054, 0.803, 0.046, 0.853, 0.038, 0.753, 0.137, 0.653, 0.126, 2.811, 0.050, 1.079, 0.050, 0.853, 0.037, 0.803, 0.281, 0.653, 0.186, 2.811, 0.140, 0.853, 0.130, 0.803, 0.128, 0.753,7
 0.051, 2.886, 0.047, 0.653, 0.046, 0.954, 0.040, 1.129, 0.039, 4.919, 0.037, 2.886, 0.034, 4.919, 0.029, 0.954, 0.023, 2.083, 0.023, 2.384, 0.051, 2.886, 0.047, 0.653, 0.046, 0.954, 0.040, 1.129, 0.039, 4.919, 0.080, 0.954, 0.080, 2.886, 0.075, 0.803, 0.071, 2.811, 0.062, 2.384, 0.191, 0.803, 0.144, 1.129, 0.141, 0.954, 0.139, 2.886, 0.133, 2.384,7
 0.058, 1.556, 0.046, 2.309, 0.039, 0.653, 0.037, 0.904, 0.035, 2.183, 0.043, 1.556, 0.031, 2.309, 0.025, 1.054, 0.024, 0.653, 0.021, 2.183, 0.058, 1.556, 0.046, 2.309, 0.039, 0.653, 0.037, 0.904, 0.035, 2.183, 0.121, 1.556, 0.083, 1.054, 0.073, 2.309, 0.072, 2.510, 0.063, 1.807, 0.176, 1.556, 0.156, 1.807, 0.135, 1.054, 0.133, 2.510, 0.132, 2.309,7
 0.155, 0.602, 0.151, 2.886, 0.125, 1.029, 0.112, 0.954, 0.110, 0.853, 0.106, 2.886, 0.078, 1.029, 0.059, 0.602, 0.057, 0.653, 0.046, 1.129, 0.155, 0.602, 0.151, 2.886, 0.125, 1.029, 0.112, 0.954, 0.110, 0.853, 0.239, 1.029, 0.207, 1.581, 0.173, 2.886, 0.155, 1.129, 0.132, 0.653, 0.476, 0.954, 0.375, 1.029, 0.346, 2.886, 0.340, 1.581, 0.328, 0.778,7
 0.080, 2.183, 0.059, 0.803, 0.054, 0.753, 0.046, 0.878, 0.043, 0.979, 0.067, 2.183, 0.031, 0.803, 0.030, 0.753, 0.029, 1.581, 0.029, 0.979, 0.080, 2.183, 0.059, 0.803, 0.054, 0.753, 0.046, 0.878, 0.043, 0.979, 0.198, 2.183, 0.089, 0.753, 0.088, 1.581, 0.083, 0.803, 0.076, 0.878, 0.285, 2.183, 0.218, 0.753, 0.173, 0.878, 0.169, 0.803, 0.142, 1.581,7
 0.206, 0.728, 0.159, 1.205, 0.159, 0.627, 0.157, 1.054, 0.120, 2.711, 0.150, 0.728, 0.119, 1.054, 0.117, 1.205, 0.107, 2.711, 0.074, 2.836, 0.206, 0.728, 0.159, 1.205, 0.159, 0.627, 0.157, 1.054, 0.120, 2.711, 0.419, 0.728, 0.340, 2.711, 0.330, 1.205, 0.231, 1.054, 0.164, 2.836, 0.687, 0.728, 0.580, 1.205, 0.433, 0.627, 0.411, 2.711, 0.409, 1.054,7
 0.149, 1.682, 0.140, 2.183, 0.122, 2.259, 0.120, 0.904, 0.108, 0.703, 0.124, 1.682, 0.081, 0.703, 0.074, 2.183, 0.070, 2.259, 0.056, 1.205, 0.149, 1.682, 0.140, 2.183, 0.122, 2.259, 0.120, 0.904, 0.108, 0.703, 0.321, 0.703, 0.282, 2.259, 0.265, 1.205, 0.199, 1.682, 0.186, 2.183, 0.456, 0.703, 0.416, 2.259, 0.412, 1.205, 0.411, 2.183, 0.325, 0.904,7
 0.118, 2.460, 0.107, 2.660, 0.090, 2.384, 0.073, 0.853, 0.072, 0.979, 0.079, 2.460, 0.071, 2.660, 0.051, 1.682, 0.040, 0.979, 0.038, 2.861, 0.118, 2.460, 0.107, 2.660, 0.090, 2.384, 0.073, 0.853, 0.072, 0.979, 0.220, 2.460, 0.194, 2.660, 0.149, 1.682, 0.087, 0.853, 0.075, 0.979, 0.337, 2.660, 0.296, 0.853, 0.284, 1.682, 0.280, 2.460, 0.243, 1.079,7
 0.167, 2.284, 0.158, 2.409, 0.137, 0.778, 0.127, 2.033, 0.124, 0.853, 0.111, 2.284, 0.100, 2.409, 0.095, 0.778, 0.093, 2.033, 0.091, 0.853, 0.167, 2.284, 0.158, 2.409, 0.137, 0.778, 0.127, 2.033, 0.124, 0.853, 0.325, 2.409, 0.239, 2.284, 0.215, 0.853, 0.182, 0.778, 0.150, 2.033, 0.602, 2.409, 0.423, 2.284, 0.366, 0.778, 0.301, 0.853, 0.298, 2.033,7
 0.094, 0.610, 0.087, 0.659, 0.068, 0.806, 0.062, 0.903,0,0, 0.015, 0.903, 0.014, 0.659, 0.010, 0.806, 0.006, 1.318, 0.006, 0.610, 0.094, 0.610, 0.087, 0.659, 0.068, 0.806, 0.062, 0.903,0,0, 0.104, 0.903, 0.084, 0.659, 0.043, 0.806,0,0,0,0, 0.570, 0.903, 0.554, 0.659, 0.314, 0.806, 0.180, 0.610, 0.168, 1.147,4
 0.011, 1.099, 0.011, 0.977, 0.009, 1.221, 0.009, 0.757, 0.009, 0.635, 0.007, 0.977, 0.006, 1.099, 0.005, 1.221, 0.005, 2.661, 0.004, 1.050, 0.011, 1.099, 0.011, 0.977, 0.009, 1.221, 0.009, 0.757, 0.009, 0.635, 0.015, 2.734, 0.012, 0.977, 0.011, 2.661, 0.011, 1.050, 0.009, 3.662, 0.028, 1.099, 0.027, 0.757, 0.027, 1.221, 0.024, 0.635, 0.021, 0.879,4
 0.011, 0.684, 0.011, 0.757, 0.010, 1.025, 0.009, 0.635, 0.008, 1.611, 0.007, 1.025, 0.005, 0.757, 0.005, 0.928, 0.005, 0.684, 0.005, 3.467, 0.011, 0.684, 0.011, 0.757, 0.010, 1.025, 0.009, 0.635, 0.008, 1.611, 0.017, 1.025, 0.014, 0.928, 0.013, 3.467, 0.012, 0.757, 0.010, 1.318, 0.030, 0.757, 0.028, 1.318, 0.028, 1.025, 0.025, 0.928, 0.024, 0.806,4
 0.013, 2.490, 0.013, 0.708, 0.008, 2.832, 0.007, 2.539, 0.007, 0.830, 0.010, 2.490, 0.009, 0.708, 0.006, 2.832, 0.005, 2.539, 0.004, 0.830, 0.013, 2.490, 0.013, 0.708, 0.008, 2.832, 0.007, 2.539, 0.007, 0.830, 0.032, 0.708, 0.016, 1.074, 0.014, 2.490, 0.011, 2.832, 0.010, 0.830, 0.061, 0.708, 0.021, 1.074, 0.020, 2.490, 0.019, 2.832, 0.018, 0.830,4
 0.124, 0.610, 0.106, 0.781, 0.098, 2.271, 0.087, 1.001, 0.083, 0.952, 0.051, 2.271, 0.050, 0.610, 0.050, 0.781, 0.038, 2.393, 0.038, 1.611, 0.124, 0.610, 0.106, 0.781, 0.098, 2.271, 0.087, 1.001, 0.083, 0.952, 0.223, 0.781, 0.141, 2.271, 0.126, 2.026, 0.114, 2.393, 0.108, 1.611, 0.695, 0.781, 0.428, 0.952, 0.375, 2.271, 0.302, 1.074, 0.282, 2.026,4
 0.011, 0.778, 0.009, 0.703, 0.009, 1.079, 0.009, 0.627, 0.008, 1.129, 0.006, 0.778, 0.005, 1.079, 0.004, 0.703, 0.003, 0.979, 0.003, 1.129, 0.011, 0.778, 0.009, 0.703, 0.009, 1.079, 0.009, 0.627, 0.008, 1.129, 0.016, 0.778, 0.008, 1.079, 0.008, 0.627, 0.007, 0.979, 0.007, 1.205, 0.037, 0.778, 0.031, 0.627, 0.024, 0.979, 0.023, 1.129, 0.022, 1.079,4
 0.017, 2.460, 0.011, 2.108, 0.011, 0.703, 0.009, 2.811, 0.009, 2.384, 0.011, 2.460, 0.008, 0.703, 0.007, 2.108, 0.006, 2.811, 0.005, 1.355, 0.017, 2.460, 0.011, 2.108, 0.011, 0.703, 0.009, 2.811, 0.009, 2.384, 0.041, 2.460, 0.018, 0.703, 0.016, 2.108, 0.011, 2.811, 0.010, 1.355, 0.061, 2.460, 0.038, 2.108, 0.027, 0.703, 0.022, 2.384, 0.021, 1.355,4
 0.017, 2.460, 0.012, 2.133, 0.012, 0.979, 0.010, 0.678, 0.010, 2.811, 0.014, 2.460, 0.009, 0.979, 0.008, 2.811, 0.007, 2.133, 0.007, 0.678, 0.017, 2.460, 0.012, 2.133, 0.012, 0.979, 0.010, 0.678, 0.010, 2.811, 0.074, 2.460, 0.023, 0.979, 0.021, 2.811, 0.017, 2.133, 0.016, 0.678, 0.084, 2.460, 0.045, 2.133, 0.035, 0.979, 0.034, 2.811, 0.032, 0.678,4
 0.033, 0.778,0,0,0,0,0,0,0,0, 0.024, 0.778,0,0,0,0,0,0,0,0, 0.033, 0.778,0,0,0,0,0,0,0,0, 0.058, 0.778,0,0,0,0,0,0,0,0, 0.083, 0.778,0,0,0,0,0,0,0,0,4
 0.005, 0.627, 0.005, 0.828, 0.004, 1.305, 0.004, 0.753, 0.004, 3.539, 0.004, 0.627, 0.003, 1.305, 0.003, 2.460, 0.002, 0.904, 0.002, 0.753, 0.005, 0.627, 0.005, 0.828, 0.004, 1.305, 0.004, 0.753, 0.004, 3.539, 0.011, 4.292, 0.011, 5.195, 0.009, 5.873, 0.009, 1.305, 0.008, 0.753, 0.020, 5.873, 0.018, 3.539, 0.017, 0.828, 0.016, 5.195, 0.016, 1.230,4
 0.012, 1.054, 0.012, 0.678, 0.010, 0.728, 0.010, 0.627, 0.008, 0.979, 0.008, 1.054, 0.006, 0.678, 0.005, 0.728, 0.004, 1.280, 0.004, 0.979, 0.012, 1.054, 0.012, 0.678, 0.010, 0.728, 0.010, 0.627, 0.008, 0.979, 0.016, 1.054, 0.015, 1.280, 0.012, 0.678, 0.011, 0.778, 0.008, 0.728, 0.031, 1.054, 0.027, 1.280, 0.026, 0.778, 0.023, 0.678, 0.023, 0.627,4
 0.007, 2.384, 0.007, 0.778, 0.006, 1.305, 0.006, 2.209, 0.005, 4.216, 0.004, 0.778, 0.004, 2.384, 0.004, 1.305, 0.003, 0.904, 0.003, 4.693, 0.007, 2.384, 0.007, 0.778, 0.006, 1.305, 0.006, 2.209, 0.005, 4.216, 0.011, 1.305, 0.011, 4.693, 0.010, 2.685, 0.010, 2.384, 0.009, 0.904, 0.025, 2.209, 0.022, 2.384, 0.019, 0.778, 0.018, 2.685, 0.015, 1.305,4
 0.019, 0.778, 0.016, 0.678, 0.014, 2.183, 0.013, 2.008, 0.013, 2.108, 0.010, 2.183, 0.009, 2.008, 0.008, 0.778, 0.007, 0.678, 0.006, 0.929, 0.019, 0.778, 0.016, 0.678, 0.014, 2.183, 0.013, 2.008, 0.013, 2.108, 0.050, 2.183, 0.024, 2.008, 0.016, 2.334, 0.015, 0.678, 0.013, 0.929, 0.060, 2.183, 0.039, 0.778, 0.037, 2.008, 0.037, 2.108, 0.034, 0.728,4
 0.021, 0.627, 0.020, 4.041, 0.013, 0.828, 0.011, 0.778, 0.010, 0.703, 0.017, 4.041, 0.012, 0.627, 0.009, 0.828, 0.007, 2.761, 0.006, 0.778, 0.021, 0.627, 0.020, 4.041, 0.013, 0.828, 0.011, 0.778, 0.010, 0.703, 0.036, 4.041, 0.029, 0.627, 0.018, 0.828, 0.016, 0.778, 0.014, 0.703, 0.050, 4.041, 0.043, 0.627, 0.032, 0.703, 0.032, 0.828, 0.030, 0.778,4
 0.014, 0.778, 0.011, 0.627, 0.011, 0.904, 0.009, 1.154, 0.008, 0.703, 0.008, 0.778, 0.006, 0.904, 0.005, 2.685, 0.004, 0.627, 0.004, 1.154, 0.014, 0.778, 0.011, 0.627, 0.011, 0.904, 0.009, 1.154, 0.008, 0.703, 0.024, 0.778, 0.021, 0.904, 0.013, 2.685, 0.006, 1.154,0,0, 0.058, 0.904, 0.050, 0.778, 0.029, 0.703, 0.027, 1.154, 0.025, 0.627,4
 0.009, 1.054, 0.009, 0.678, 0.009, 0.778, 0.009, 0.627, 0.007, 2.786, 0.006, 1.054, 0.006, 2.786, 0.004, 1.832, 0.004, 0.627, 0.003, 0.979, 0.009, 1.054, 0.009, 0.678, 0.009, 0.778, 0.009, 0.627, 0.007, 2.786, 0.016, 2.786, 0.014, 1.531, 0.012, 1.054, 0.010, 2.409, 0.010, 1.280, 0.042, 0.778, 0.024, 0.853, 0.022, 2.786, 0.021, 0.678, 0.021, 1.054,4
 0.305, 0.627, 0.269, 0.703, 0.216, 0.904, 0.213, 0.803, 0.185, 1.004, 0.047, 0.703, 0.042, 0.904, 0.035, 1.004, 0.034, 0.627, 0.029, 1.104, 0.305, 0.627, 0.269, 0.703, 0.216, 0.904, 0.213, 0.803, 0.185, 1.004, 0.190, 0.703, 0.141, 1.004, 0.106, 0.627, 0.104, 0.904, 0.082, 0.803, 1.206, 0.703, 1.135, 0.627, 0.955, 0.904, 0.830, 1.004, 0.796, 0.803,4
 0.039, 0.653, 0.034, 1.180, 0.033, 0.853, 0.032, 0.778, 0.027, 2.158, 0.022, 1.180, 0.021, 0.853, 0.020, 2.158, 0.017, 0.653, 0.016, 1.707, 0.039, 0.653, 0.034, 1.180, 0.033, 0.853, 0.032, 0.778, 0.027, 2.158, 0.068, 1.180, 0.061, 0.853, 0.056, 1.405, 0.055, 2.158, 0.054, 0.954, 0.142, 0.653, 0.129, 1.180, 0.107, 2.158, 0.103, 0.954, 0.102, 0.853,4
 0.067, 0.627, 0.058, 0.878, 0.054, 0.728, 0.041, 1.330, 0.038, 1.029, 0.047, 0.878, 0.038, 0.627, 0.038, 0.728, 0.023, 1.029, 0.023, 1.330, 0.067, 0.627, 0.058, 0.878, 0.054, 0.728, 0.041, 1.330, 0.038, 1.029, 0.193, 0.878, 0.115, 0.627, 0.108, 1.029, 0.087, 0.728, 0.054, 1.079, 0.232, 0.878, 0.185, 0.627, 0.158, 0.728, 0.135, 1.029, 0.127, 1.180,4
 0.075, 0.678, 0.068, 0.602, 0.055, 1.004, 0.052, 0.954, 0.045, 1.104, 0.052, 0.678, 0.031, 0.602, 0.029, 0.954, 0.026, 1.104, 0.026, 1.004, 0.075, 0.678, 0.068, 0.602, 0.055, 1.004, 0.052, 0.954, 0.045, 1.104, 0.106, 0.954, 0.097, 1.004, 0.091, 0.678, 0.066, 0.602, 0.052, 1.104, 0.219, 0.678, 0.174, 1.004, 0.151, 0.954, 0.141, 1.104, 0.138, 0.602,4
 0.022, 1.531, 0.021, 1.355, 0.021, 0.678, 0.021, 0.728, 0.019, 0.778, 0.016, 1.531, 0.011, 0.678, 0.011, 1.355, 0.009, 1.782, 0.008, 1.129, 0.022, 1.531, 0.021, 1.355, 0.021, 0.678, 0.021, 0.728, 0.019, 0.778, 0.048, 0.678, 0.047, 1.531, 0.025, 0.979, 0.019, 1.782, 0.018, 1.129, 0.091, 1.531, 0.074, 0.678, 0.067, 0.778, 0.056, 0.728, 0.052, 1.431,4
 0.016, 0.653, 0.016, 0.753, 0.014, 3.112, 0.013, 0.954, 0.012, 0.853, 0.009, 3.112, 0.008, 1.682, 0.007, 0.954, 0.006, 0.753, 0.005, 0.653, 0.016, 0.653, 0.016, 0.753, 0.014, 3.112, 0.013, 0.954, 0.012, 0.853, 0.025, 3.112, 0.024, 0.853, 0.021, 1.682, 0.020, 0.954, 0.018, 1.054, 0.060, 0.653, 0.051, 0.954, 0.050, 3.112, 0.050, 0.853, 0.046, 0.753,4
 0.010, 0.728, 0.007, 0.653, 0.006, 1.079, 0.006, 0.828, 0.005, 0.929, 0.004, 0.728, 0.004, 1.531, 0.004, 2.761, 0.003, 2.485, 0.003, 0.653, 0.010, 0.728, 0.007, 0.653, 0.006, 1.079, 0.006, 0.828, 0.005, 0.929, 0.016, 1.531, 0.012, 3.187, 0.010, 2.761, 0.010, 0.728, 0.010, 1.757, 0.034, 0.728, 0.028, 1.531, 0.023, 0.828, 0.021, 0.653, 0.020, 0.929,4
 0.027, 0.627, 0.016, 0.778, 0.015, 0.979, 0.013, 0.929,0,0, 0.015, 0.627, 0.009, 0.778, 0.005, 0.979, 0.005, 0.929,0,0, 0.027, 0.627, 0.016, 0.778, 0.015, 0.979, 0.013, 0.929,0,0, 0.064, 0.627, 0.024, 0.778,0,0,0,0,0,0, 0.107, 0.627, 0.076, 0.778, 0.049, 0.979, 0.031, 0.929,0,0,4
 1.000, 0.627, 0.838, 0.703, 0.706, 0.904, 0.589, 1.004, 0.526, 1.180, 0.173, 0.703, 0.143, 0.904, 0.129, 0.627, 0.114, 1.180, 0.083, 1.004, 1.000, 0.627, 0.838, 0.703, 0.706, 0.904, 0.589, 1.004, 0.526, 1.180, 1.090, 0.703, 0.435, 0.627, 0.434, 0.904, 0.429, 1.180, 0.274, 1.004, 5.842, 0.703, 3.704, 0.627, 3.121, 0.904, 2.728, 1.180, 2.693, 1.004,4
 0.021, 0.610, 0.021, 0.781, 0.020, 0.684, 0.019, 0.879, 0.017, 2.490, 0.012, 0.781, 0.011, 0.879, 0.010, 0.684, 0.010, 2.173, 0.009, 0.610, 0.021, 0.610, 0.021, 0.781, 0.020, 0.684, 0.019, 0.879, 0.017, 2.490, 0.041, 0.781, 0.034, 2.173, 0.027, 1.904, 0.025, 0.684, 0.024, 0.879, 0.071, 0.781, 0.058, 0.684, 0.047, 0.879, 0.047, 0.610, 0.045, 2.539,3
 0.035, 0.732, 0.025, 0.903, 0.024, 0.830, 0.022, 0.659, 0.019, 1.123, 0.020, 0.732, 0.016, 0.903, 0.013, 0.830, 0.013, 1.123, 0.006, 0.659, 0.035, 0.732, 0.025, 0.903, 0.024, 0.830, 0.022, 0.659, 0.019, 1.123, 0.043, 0.830, 0.035, 3.247, 0.032, 0.903, 0.027, 0.732, 0.026, 2.393, 0.074, 0.659, 0.070, 0.830, 0.067, 0.732, 0.060, 3.247, 0.059, 0.903,3
 0.022, 0.635, 0.014, 2.881, 0.014, 0.879, 0.013, 2.563, 0.013, 2.075, 0.014, 0.635, 0.010, 2.881, 0.009, 2.075, 0.009, 0.879, 0.009, 4.224, 0.022, 0.635, 0.014, 2.881, 0.014, 0.879, 0.013, 2.563, 0.013, 2.075, 0.038, 0.635, 0.034, 0.879, 0.028, 4.321, 0.024, 2.075, 0.022, 2.881, 0.089, 0.635, 0.056, 0.879, 0.040, 2.075, 0.038, 2.563, 0.038, 2.881,3
 0.024, 0.781, 0.018, 0.903, 0.017, 1.099, 0.016, 0.977, 0.015, 1.465, 0.016, 0.781, 0.010, 1.099, 0.010, 0.903, 0.009, 1.465, 0.008, 0.977, 0.024, 0.781, 0.018, 0.903, 0.017, 1.099, 0.016, 0.977, 0.015, 1.465, 0.048, 0.781, 0.033, 1.465, 0.028, 1.099, 0.021, 0.903, 0.016, 0.977, 0.095, 0.781, 0.070, 1.099, 0.059, 1.416, 0.048, 0.903, 0.046, 0.708,3
 0.022, 0.781, 0.019, 0.830, 0.018, 0.732, 0.015, 1.123, 0.013, 1.221, 0.013, 0.781, 0.012, 0.830, 0.012, 0.732, 0.009, 1.221, 0.008, 1.123, 0.022, 0.781, 0.019, 0.830, 0.018, 0.732, 0.015, 1.123, 0.013, 1.221, 0.039, 1.221, 0.037, 5.811, 0.029, 0.830, 0.024, 0.732, 0.021, 2.588, 0.057, 1.221, 0.051, 1.123, 0.047, 5.811, 0.044, 0.830, 0.043, 3.320,3
 0.012, 5.591, 0.012, 1.196, 0.012, 1.416, 0.012, 0.903, 0.012, 0.952, 0.009, 5.591, 0.008, 3.027, 0.007, 5.957, 0.007, 1.660, 0.007, 5.249, 0.012, 5.591, 0.012, 1.196, 0.012, 1.416, 0.012, 0.903, 0.012, 0.952, 0.028, 5.957, 0.024, 5.591, 0.024, 1.416, 0.022, 5.151, 0.021, 0.903, 0.051, 5.151, 0.050, 1.416, 0.045, 5.957, 0.040, 5.591, 0.037, 2.295,3
 0.053, 2.661, 0.052, 0.854, 0.049, 0.708, 0.047, 0.781, 0.045, 0.610, 0.035, 2.661, 0.032, 0.854, 0.032, 3.687, 0.027, 0.781, 0.026, 2.979, 0.053, 2.661, 0.052, 0.854, 0.049, 0.708, 0.047, 0.781, 0.045, 0.610, 0.120, 0.854, 0.111, 2.661, 0.085, 0.781, 0.082, 2.539, 0.080, 5.493, 0.216, 2.661, 0.175, 0.854, 0.157, 0.708, 0.134, 5.859, 0.129, 0.781,3
 0.057, 2.466,0,0,0,0,0,0,0,0, 0.047, 2.466,0,0,0,0,0,0,0,0, 0.057, 2.466,0,0,0,0,0,0,0,0, 0.153, 2.466,0,0,0,0,0,0,0,0, 0.200, 2.466,0,0,0,0,0,0,0,0,3
 0.377, 0.732, 0.311, 0.610, 0.303, 1.709, 0.294, 0.781, 0.280, 1.660, 0.229, 0.732, 0.171, 1.001, 0.143, 0.854, 0.135, 1.245, 0.124, 0.659, 0.377, 0.732, 0.311, 0.610, 0.303, 1.709, 0.294, 0.781, 0.280, 1.660, 0.698, 0.854, 0.672, 0.732, 0.526, 1.001, 0.431, 1.660, 0.334, 1.245, 1.208, 0.854, 1.196, 1.660, 1.162, 1.831, 1.122, 1.001, 1.013, 2.100,3
 0.121, 0.684, 0.100, 0.928, 0.094, 1.099, 0.091, 1.855, 0.082, 0.806, 0.057, 0.684, 0.047, 0.928, 0.040, 1.318, 0.039, 1.099, 0.039, 2.441, 0.121, 0.684, 0.100, 0.928, 0.094, 1.099, 0.091, 1.855, 0.082, 0.806, 0.186, 0.928, 0.119, 1.099, 0.092, 0.757, 0.092, 1.929, 0.088, 0.684, 0.607, 0.928, 0.442, 1.099, 0.327, 0.684, 0.269, 1.807, 0.269, 1.929,3
 1.000, 0.610, 0.954, 0.781, 0.723, 0.708, 0.685, 0.928, 0.626, 1.123, 0.441, 0.610, 0.412, 0.781, 0.339, 1.611, 0.289, 1.123, 0.266, 1.978, 1.000, 0.610, 0.954, 0.781, 0.723, 0.708, 0.685, 0.928, 0.626, 1.123, 1.100, 0.610, 1.070, 0.781, 1.005, 1.611, 0.819, 0.708, 0.782, 1.123, 2.939, 0.781, 2.529, 0.830, 2.386, 1.123, 2.324, 0.708, 2.228, 0.610,3
 0.116, 0.635, 0.097, 0.806, 0.089, 0.757, 0.082, 1.172, 0.080, 0.928, 0.056, 0.806, 0.056, 0.635, 0.050, 1.172, 0.044, 0.928, 0.042, 1.587, 0.116, 0.635, 0.097, 0.806, 0.089, 0.757, 0.082, 1.172, 0.080, 0.928, 0.164, 1.440, 0.159, 0.806, 0.131, 1.050, 0.121, 0.635, 0.107, 0.928, 0.408, 1.440, 0.364, 0.635, 0.302, 0.806, 0.291, 1.050, 0.262, 0.757,3
 0.500, 0.659, 0.487, 0.610, 0.391, 1.099, 0.379, 0.928, 0.378, 0.830, 0.154, 0.659, 0.153, 1.099, 0.141, 0.830, 0.127, 0.977, 0.120, 0.928, 0.500, 0.659, 0.487, 0.610, 0.391, 1.099, 0.379, 0.928, 0.378, 0.830, 0.562, 0.830, 0.466, 1.514, 0.432, 1.221, 0.399, 0.977, 0.343, 0.928, 1.847, 0.830, 1.557, 1.514, 1.277, 0.708, 1.207, 0.659, 1.200, 0.928,3
 0.305, 0.732, 0.263, 0.781, 0.237, 1.025, 0.226, 0.977, 0.185, 1.807, 0.174, 0.732, 0.120, 1.025, 0.108, 0.781, 0.105, 1.270, 0.092, 1.318, 0.305, 0.732, 0.263, 0.781, 0.237, 1.025, 0.226, 0.977, 0.185, 1.807, 0.715, 0.732, 0.454, 0.977, 0.382, 1.025, 0.328, 0.781, 0.255, 1.147, 1.187, 0.732, 1.099, 0.977, 0.778, 0.781, 0.692, 1.147, 0.673, 1.025,3
 0.141, 1.147, 0.133, 0.659, 0.130, 0.977, 0.100, 1.050, 0.098, 0.757, 0.093, 1.147, 0.072, 0.977, 0.063, 1.855, 0.059, 0.659, 0.059, 3.247, 0.141, 1.147, 0.133, 0.659, 0.130, 0.977, 0.100, 1.050, 0.098, 0.757, 0.387, 0.977, 0.309, 1.147, 0.227, 0.757, 0.179, 1.758, 0.173, 0.659, 0.672, 0.977, 0.506, 1.147, 0.477, 0.757, 0.397, 0.659, 0.380, 3.247,3
 0.092, 0.635, 0.067, 0.879, 0.063, 0.952, 0.063, 0.806, 0.056, 1.099, 0.028, 0.635, 0.019, 1.270, 0.018, 1.099, 0.018, 0.952, 0.012, 0.879, 0.092, 0.635, 0.067, 0.879, 0.063, 0.952, 0.063, 0.806, 0.056, 1.099, 0.149, 0.635, 0.071, 1.099, 0.069, 0.952, 0.038, 1.270,0,0, 0.587, 0.635, 0.315, 0.952, 0.279, 1.099, 0.240, 0.806, 0.179, 0.879,3
 0.018, 0.678, 0.016, 0.904, 0.015, 3.363, 0.011, 2.058, 0.010, 2.460, 0.012, 0.678, 0.011, 0.904, 0.011, 3.363, 0.007, 1.857, 0.007, 1.707, 0.018, 0.678, 0.016, 0.904, 0.015, 3.363, 0.011, 2.058, 0.010, 2.460, 0.038, 0.678, 0.033, 1.707, 0.025, 0.904, 0.022, 1.857, 0.020, 3.363, 0.066, 0.678, 0.044, 1.707, 0.041, 3.363, 0.035, 3.740, 0.035, 0.904,3
 0.021, 0.602, 0.020, 4.618, 0.017, 0.728, 0.015, 1.405, 0.014, 3.790, 0.014, 0.728, 0.012, 0.602, 0.011, 4.618, 0.009, 3.790, 0.009, 1.405, 0.021, 0.602, 0.020, 4.618, 0.017, 0.728, 0.015, 1.405, 0.014, 3.790, 0.046, 0.728, 0.038, 1.405, 0.030, 0.602, 0.028, 3.790, 0.022, 4.618, 0.063, 1.405, 0.060, 0.728, 0.049, 4.618, 0.046, 0.602, 0.040, 4.568,3
 0.048, 0.602, 0.029, 0.678, 0.028, 1.707,0,0,0,0, 0.024, 0.602, 0.022, 1.707, 0.019, 0.678,0,0,0,0, 0.048, 0.602, 0.029, 0.678, 0.028, 1.707,0,0,0,0, 0.080, 1.280, 0.050, 0.678, 0.038, 1.707, 0.038, 2.911, 0.035, 2.811, 0.099, 1.280, 0.090, 0.828, 0.089, 0.678, 0.068, 0.979, 0.061, 0.602,3
 0.032, 0.954, 0.029, 0.653, 0.027, 0.753, 0.025, 1.104, 0.025, 0.853, 0.022, 0.954, 0.018, 0.753, 0.017, 0.653, 0.015, 3.238, 0.013, 2.736, 0.032, 0.954, 0.029, 0.653, 0.027, 0.753, 0.025, 1.104, 0.025, 0.853, 0.056, 2.736, 0.043, 0.753, 0.041, 0.954, 0.037, 3.238, 0.036, 1.154, 0.094, 0.853, 0.085, 0.753, 0.076, 0.954, 0.073, 2.736, 0.072, 1.154,3
 0.016, 1.079, 0.015, 0.627, 0.015, 1.280, 0.014, 4.166, 0.013, 0.778, 0.011, 1.079, 0.009, 4.166, 0.008, 3.313, 0.008, 2.610, 0.007, 2.183, 0.016, 1.079, 0.015, 0.627, 0.015, 1.280, 0.014, 4.166, 0.013, 0.778, 0.035, 1.079, 0.020, 2.183, 0.019, 0.778, 0.019, 4.166, 0.019, 1.230, 0.053, 1.079, 0.051, 0.929, 0.049, 1.330, 0.049, 0.778, 0.044, 4.166,3
 0.798, 2.295, 0.511, 2.222, 0.456, 2.368,0,0,0,0, 0.516, 2.295, 0.237, 2.222, 0.179, 2.368,0,0,0,0, 0.798, 2.295, 0.511, 2.222, 0.456, 2.368,0,0,0,0, 1.071, 2.295, 0.449, 2.222, 0.224, 2.368,0,0,0,0, 2.425, 2.295, 1.532, 2.222, 1.010, 2.368,0,0,0,0,6
 0.021, 2.384, 0.020, 5.798, 0.019, 2.183, 0.019, 2.660, 0.019, 1.857, 0.013, 5.798, 0.012, 5.647, 0.011, 2.660, 0.011, 2.384, 0.010, 3.187, 0.021, 2.384, 0.020, 5.798, 0.019, 2.183, 0.019, 2.660, 0.019, 1.857, 0.035, 5.070, 0.034, 5.798, 0.032, 5.647, 0.028, 2.008, 0.026, 4.944, 0.093, 2.183, 0.087, 1.230, 0.082, 1.004, 0.082, 2.384, 0.071, 5.647,6
 0.716, 2.295,0,0,0,0,0,0,0,0, 0.579, 2.295,0,0,0,0,0,0,0,0, 0.716, 2.295,0,0,0,0,0,0,0,0, 2.449, 2.295,0,0,0,0,0,0,0,0, 3.265, 2.295,0,0,0,0,0,0,0,0,6
 1.000, 2.222, 0.820, 2.515, 0.792, 2.271, 0.737, 2.417, 0.633, 1.880, 0.856, 2.222, 0.610, 2.515, 0.579, 2.271, 0.460, 2.417, 0.459, 2.124, 1.000, 2.222, 0.820, 2.515, 0.792, 2.271, 0.737, 2.417, 0.633, 1.880, 2.900, 2.515, 2.022, 2.271, 1.655, 2.124, 0.925, 2.417, 0.871, 2.222, 4.385, 2.515, 2.857, 2.271, 2.078, 2.124, 1.956, 2.417, 1.410, 2.783,6
 0.446, 3.363, 0.443, 5.697, 0.443, 3.238, 0.432, 1.431, 0.421, 5.020, 0.289, 5.697, 0.268, 3.363, 0.251, 3.238, 0.241, 5.923, 0.231, 3.689, 0.446, 3.363, 0.443, 5.697, 0.443, 3.238, 0.432, 1.431, 0.421, 5.020, 1.225, 5.697, 0.996, 2.434, 0.975, 3.238, 0.797, 1.958, 0.776, 1.606, 2.557, 2.434, 2.382, 3.238, 2.229, 1.606, 2.071, 5.697, 1.710, 5.020,3
